{
    "availableLanguageIds": [
        "en_US"
    ],
    "defaultLanguageId": "en_US",
    "fields": [
        {
            "label": {
                "en_US": "Hotel name"
            },
            "predefinedValue": {
                "en_US": ""
            },
            "style": {
                "en_US": ""
            },
            "tip": {
                "en_US": ""
            },
            "dataType": "string",
            "indexType": "keyword",
            "localizable": true,
            "name": "HotelName",
            "readOnly": false,
            "repeatable": false,
            "required": false,
            "showLabel": true,
            "type": "text"
        },
        {
            "label": {
                "en_US": "Lead text"
            },
            "predefinedValue": {
                "en_US": ""
            },
            "style": {
                "en_US": ""
            },
            "tip": {
                "en_US": ""
            },
            "dataType": "string",
            "indexType": "keyword",
            "localizable": true,
            "name": "LeadText",
            "readOnly": false,
            "repeatable": false,
            "required": false,
            "showLabel": true,
            "type": "text"
        },
        {
            "label": {
                "en_US": "bgimage"
            },
            "predefinedValue": {
                "en_US": ""
            },
            "style": {
                "en_US": ""
            },
            "tip": {
                "en_US": ""
            },
            "dataType": "document-library",
            "fieldNamespace": "ddm",
            "indexType": "keyword",
            "localizable": true,
            "name": "bgimage",
            "readOnly": false,
            "repeatable": false,
            "required": false,
            "showLabel": true,
            "type": "ddm-documentlibrary"
        }
    ]
}