<?xml version="1.0"?>
<!DOCTYPE resource-action-mapping PUBLIC "-//Liferay//DTD Resource Action  apping 7.2.0//EN" "http://www.liferay.com/dtd/liferay-resource-action-mapping_7_2_0.dtd">
<resource-action-mapping>
	<portlet-resource>
		<portlet-name>com_liferay_training_gradebook_web_portlet_GradebookPortlet</portlet-name>
		<permissions>
			<supports>
				<action-key>ADD_PORTLET_DISPLAY_TEMPLATE</action-key>			
				<action-key>ADD_TO_PAGE</action-key>
				<action-key>CONFIGURATION</action-key>
				<action-key>VIEW</action-key>
			</supports>
			<site-member-defaults>
				<action-key>VIEW</action-key>
			</site-member-defaults>
			<guest-defaults>
				<action-key>VIEW</action-key>
			</guest-defaults>
			<guest-unsupported>
				<action-key>ADD_PORTLET_DISPLAY_TEMPLATE</action-key>
				<action-key>ADD_TO_PAGE</action-key>
				<action-key>CONFIGURATION</action-key>
			</guest-unsupported>
		</permissions>
	</portlet-resource>
</resource-action-mapping>
